{"cameraMode":{"drawMode":0,"name":"Shaded","section":"Shading Mode"},"sceneLighting":false,"audioPlay":false,"sceneViewState":{"m_AlwaysRefresh":false,"showFog":true,"showSkybox":false,"showFlares":true,"showImageEffects":true,"showParticleSystems":true,"showVisualEffectGraphs":true,"m_FxEnabled":true},"in2DMode":false,"pivot":{"x":6.09499979019165,"y":1.8849999904632569,"z":1.4550045728683472},"rotation":{"x":-0.000018171242118114606,"y":0.9997137188911438,"z":-0.0018087998032569886,"w":-0.024013785645365716},"size":7.280404567718506,"orthographic":false}