{"cameraMode":{"drawMode":0,"name":"Shaded","section":"Shading Mode"},"sceneLighting":false,"audioPlay":false,"sceneViewState":{"m_AlwaysRefresh":false,"showFog":true,"showSkybox":false,"showFlares":true,"showImageEffects":true,"showParticleSystems":true,"showVisualEffectGraphs":true,"m_FxEnabled":true},"in2DMode":false,"pivot":{"x":-7.880000114440918,"y":1.1604892015457154,"z":11.477103233337403},"rotation":{"x":-0.019796142354607583,"y":-0.03688933700323105,"z":0.0007168268202804029,"w":-0.9991361498832703},"size":14.809226036071778,"orthographic":false}