{"cameraMode":{"drawMode":0,"name":"Shaded","section":"Shading Mode"},"sceneLighting":false,"audioPlay":false,"sceneViewState":{"m_AlwaysRefresh":false,"showFog":true,"showSkybox":false,"showFlares":true,"showImageEffects":true,"showParticleSystems":true,"showVisualEffectGraphs":true,"m_FxEnabled":true},"in2DMode":false,"pivot":{"x":11.196775436401368,"y":0.6716729998588562,"z":6.61707067489624},"rotation":{"x":0.2248750776052475,"y":-0.0040920693427324299,"z":0.0009341362165287137,"w":0.974411129951477},"size":2.0675759315490724,"orthographic":false}